selftext,title,id
tenho duvida de como falar algumas coisas no padr√£o elu/delu.,Alguem aqui sabe usar o padr√£o elu/delu e manja de gramatica?,zm6u78
"Gente, estou carente de amizades LGBTS!!!",PROCURANDO AMIGUES LGBTS,phxgdg
,Ol√° amigues! fa√ßo ilustra√ß√µes digitais e estou com encomendas abertas pra presentear os afetos nesse natal com arte personalizada e cheia de carinho :),jx739z
"N√£o estou fazendo esse post com maldade ou para zoar, para min s√£o perguntas leg√≠tima que eu tenho no intuito de entender esse novo fen√¥meno.


1)existe algum grupo de pessoas que usa a linguagem neutra fora da Internet? Tipo no contexto de fala com o atendente da padaria, pois para min parece que a linguagem neutra some nessas ocasi√µes.


2) vejo que normalmente quem defender a linguagem neutra se concentrar nos pronome e na mudan√ßa da vogal tem√°tica.

Mas s√≥ essas mudan√ßas n√£o faz a l√≠ngua fica neutra, j√° que no portugu√™s, o artigo que acompanha a palavra tamb√©m define o g√™nero, por exemplo:

O motorista.

A palavra acaba com A, mas mesmo assim √© masculino.

Ou mais ironicamente a frase 'o amigue' ainda √© masculino por causa do artigo que acompanha.

Como fica a linguagem neutra nessas quest√µes?

3) o que acontece com palavras que n√£o tem como deixa neutro, como por exemplo: m√£e/pai?


Agrade√ßo pelo compreens√£o de todos,todas e todes.",perguntas sinceras para quem defender a linguagem neutra,q8mfyj
"Por favor, sem falar que g√™nero neutro √© errado, pois sou n√£o bin√°rio √© vejo que √© necess√°rio pelos meus iguais. (Uso pronome masculino)

Antigamente eu era praticamente contra o uso de ""todes"", o resto da linguagem neutra era plaus√≠vel, mas o que me pegava era a √∫nica palavra ""todes""

Voc√™s acham que usar ela √© crucial pra introduzir o g√™nero neutro? Ou √© melhor manter o ""todos""? J√° ouvi que ""todos"" n√£o √© inclusivo, mas n√£o consigo imaginar o porqu√™, j√° que desde os prim√≥rdios usamos ele pro plural geral.","Sobre o uso do termo ""todes"" da linguagem neutra",ppsr66
"eu escolhi hoje meu novo nome, que √© Olive (l√™-se √ìlive) e vem com um apelido muito lindinho de brinde, que √© Oli. j√° tem muito tempo que eu sinto um inc√¥modo quando me chamam pelo meu nome de registro mas nunca tinha tido coragem de mudar porque tinha medo de ningu√©m respeitar meu novo nome. mas esses √∫ltimos dias estive refletindo, tomando coragem e vendo alguns nomes mais neutros, e decidi que Olive √© um nome lindo e acho que combina comigo. j√° contei pra v√°rios amigos e todos me apoiaram e falaram que mesmo que possam errar no in√≠cio, v√£o dar o seu m√°ximo pra se adaptar por mim. n√£o existe sensa√ß√£o melhor do que essa, s√≥ os amigos, amigas e amigues trans v√£o entender como √© sentir isso. t√¥ quase pulando de alegria, s√©rio",escolhi meu nome social e t√¥ muito feliz!!,zt5m6y
"hoje, dia 29 de janeiro, √© o dia nacional da Visibilidade Trans e Travesti aqui no Brasil. s√≥ queria passar pra dizer a todos os outros amigos, amigas e amigues trans do sub que voc√™s s√£o pessoas incr√≠veis e maravilhosas. apesar de ainda sermos o pa√≠s que mais mata pessoas trans no mundo, isso n√£o deve ser motivo pra n√≥s abaixarmos nossas cabe√ßas porque ainda vir√£o muitas lutas e conquistas pela frente. eu sei que alguns dias podem ser mais dif√≠ceis do que outros, mas eu espero que juntes n√≥s consigamos passar por isso. um beij√£o pra todo mundo. ‚ù§",dia da visibilidade trans e travesti,10onjxx
"Ent√£o, seguinte kkkkk:

Eu (19H) fui na casa do meu av√¥ assistir o jogo do Corinthians (somos corintianos), assistimos e p√°, tudo bem Corinthians ganhou mto √≥timo ficamos felizes.

Ele foi me trazer de volta pra minha casa, um per√≠odo curto, resolvi que aquela era a hora de colocar as cartas na mesa, comecei na maciota

""Pois √©, o pr√≥ximo a se casar da fam√≠lia sou eu"" (Minhas tias e primas j√° est√£o todas casadas)

E ele:

""Pois √©, mas por que voc√™ t√° dizendo isso?""

Eu:

""Ah, s√≥ por dizer""

Ele:

""Por qu√™? J√° tem uma companheira""

[gay silence]

""Tem uma companheira? Companheira ou companheiro?""

""N√£o, n√£o tenho n√£o, se fosse companheiro teria algum problema? kk""

""N√£o, nenhum, eu quero te ver feliz""

A√≠ chegou a grande hora: ""ent√£o, queria te dizer que eu sou bissexual""

""S√©rio? Mas como voc√™ sabe disso?""

""Ah, √© que... Eu namoro um homem j√° faz um tempinho""

Da√≠ pra frente minhes amigues, foi s√≥ coisa boa:

""Eu te aceito "", ""Quero te ver feliz"", ""J√° tinha minhas desconfian√ßas"", ""Pode contar comigo pra tudo""

Eu chorei no ombro dele, me despedi, tomei um banho e agora estou aqui, completamente feliz e euf√≥rico, sem ainda acreditar em nada daquilo.

E foi isso gente, queria compartilhar isso com voc√™s, de passo em passo a gente chega em Roma kkkkkk",EU SAI DO ARM√ÅRIO PRO MEU AV√î PQP EU TO MTO FELIZ,xfe5gv
eh so isso msm bjs tchau,esperam q estejam todes bem,wopkzh
"Inventei de fazer um instagram e postar uns look diferent√£o, tipo usando umas roupas de minininha, salto alto, etc (sou um homem masculino mach√£o barbudo). Criei a conta com o n√∫mero do celular porque √© era mais r√°pido... E n√£o √© que meus amigos e fam√≠lia tudo me acharam!?!?

Descobri que o instagram recomenda pessoas para seguir baseado nos contatos do teu telefone. Ou seja, recomendou-me pra minha fam√≠lia e amigos. Ainda bem que n√£o postei nenhuma foto de calcinha (n√£o deu tempo), MAS FOI QUASE.

Eles desconfiavam que eu era viado, agora tem certeza

Fica a dica ai amigues, abra√ßo!",N√£o loguem no instagram com o n√∫mero do telefone e poste uma foto de calcinha. Pior erro da minha vida,uwrwfz
[https://docs.google.com/forms/d/e/1FAIpQLSeHSZs9WRC5v7LkgumPlhudTX8iMlwKZSZUdtM\_xbmf7ZbZ5A/viewform?usp=sf\_link](https://docs.google.com/forms/d/e/1FAIpQLSeHSZs9WRC5v7LkgumPlhudTX8iMlwKZSZUdtM_xbmf7ZbZ5A/viewform?usp=sf_link),Ol√° a todes! Sou uma estudante polaca da filologia portuguesa e escrevo a minha disserta√ß√£o sobre a linguagem da comunidade LGBTQIA+ em Portugal e no Brasil. Podem preencher este inqu√©rito? Isso ajudaria me muito,o9kw8e
"Algu√©m tem indica√ß√£o de textos acad√™micos escritos por pessoas trans? Preferencialmente sobre transexualidade, mas se tiver de outras tem√°ticas tamb√©m √© bem-vindo. Serve indica√ß√£o de autores tbm. 
Eu e ume amigue estamos tentando criar uma pasta no drive apenas com autores trans, para que a gente possa se apoiar dentro da academia tamb√©m. Al√©m disso, estou fazendo meu TCC sobre educa√ß√£o inclusiva para adolescentes trans e n√£o quero me basear em pessoas cis como referencial te√≥rico. Dei uma pesquisada mas encontrei pouca coisa, principalmente de gente do Brasil. 
S√©rio gente, qualquer indica√ß√£o √© v√°lida :)",Indica√ß√£o de autores trans que produzam textos acad√™micos,ilz253
"Ano passado eu me descobri uma pessoa n√£o bin√°ria e eu fiquei com uma d√∫vida na minha mind 

Eu sei que orienta√ß√£o sexual e identidade de g√™nero s√£o coisas super diferentes uma da outra por√©m... Eu gosto de garotos s√≥ que eu n√£o sei se eu me classifico como homossexual pq eu nem me identifico como um homem kkkk ser√° que tem alguma pessoa nb por aqui que j√° pensou nisso? Poderia me ajudar? 

Beijo a todes üòä",Uma pessoa n√£o bin√°ria em apuros,1071lpm
"Lembrando, eu sou uma pessoa n√£o bin√°ria de pronomes ele/ela/elu","E quando a pessoa n√£o se identifica com os seus pronomes, como faz?",10vctgu
"Amiges,

vcs j√° fizeram? Compartilhem as experi√™ncias! Estou interessade em fazer agora no RJ com terapeuta homem que atenda homem... Mas com aquele calorzinho de inseguran√ßa! Vou adorar saber mais da experi√™ncia de quem puder compartilhar!

Beijim nataline... x) a todes!!!!",Massagem t√¢ntrica,zv4pcj
"Gente, n√£o entendo porque tipo, tem gente que d√° tanta import√¢ncia pra quem √© lgbt, tipo se voc√™ fala √© do vale pra quem √© hetero, elu fala ""ah √©? Como √©? Como foi quando se descobriu?"" tipo, √© s√≥ uma caracter√≠stica nossa, se por exemplo, fala que curti sertanejo, de boa, se gosta de filme de romance, suave, mas se fala que √© do vale, j√° faz um estardalha√ßo, chega ao ponto de querer ajudar, tipo "" sabe aquela mulher? Ent√£o ela √© l√©sbica, talvez voc√™s se deem bem"" n√£o to reclamando, √© s√≥ que tipo, iria facilitar pra caramba as coisas pra n√≥s se quando descobrirem, tratar com naturalidade ao inv√©s de dar tanta import√¢ncia.


N√£o to reclamando, √© s√≥ minha opini√£o.",Porque as pessoas d√£o muita import√¢ncia pra um detalhe?,zokle7
,Fiz uma comunidade LGBTQIAP+/Queer no Discord pra todes n√≥s! üôÇ,guonv0
"Qual tipo voc√™ geralmente prefere e mais te atra√≠? N√£o precisa ser uma regra, apenas uma prefer√™ncia, e tenha respeito :)!

[View Poll](https://www.reddit.com/poll/zaste3)",Qual seu tipo de homem que preferes?,zaste3
,Feliz orgulho pra todes de BH hj!,cd34vb
"Queria saber como voc√™s meninas trans, ou rapazes e outres‚Ä¶ se det√©m com f√©, Cristianismo e etc‚Ä¶

E se poss√≠vel fale um pouco como foi se aceitar assim j√° tendo uma f√© ou adquiriu a f√© depois?

PS: pergunto por ser de fam√≠lia crist√£, ter 26 anos e me identificar como menina trans e a f√© ser importante para mim.

Grata a todes!!",Como voc√™s lidam com f√© e religi√£o no caso de ter ou seguir uma‚Ä¶?,xjseas
"Ol√°, esse √© meu primeiro post aqui, ent√£o disfarcem se eu cometer alguma vergonha.
Me entendo como n√£o bin√°rio desde os 16 anos (hoje tenho 23), quando descobri no meu TCC que n√£o existia apenas homens e mulheres cis.
Bom, meses atr√°s namorava com um homem cis e um dia em uma conversa entre amigos falando sobre a sexualidade de cada um, perguntamos para ele se ele era bi ou pan. Pra surpresa de todos, ele ficou extremamente irritado, dizendo que era H√©tero e que ningu√©m poderia contrariar ele e depois disso encerrou o assunto, dizendo que viraria briga se continu√°ssemos.
At√© hoje n√£o entendo como um H√©tero aceitou namorar por mais de 3 anos com uma pessoa n√£o bin√°ria assumida. Isso √© poss√≠vel? Homens heteros n√£o namoram especificamente mulheres cis ou trans? Ser√° que ele idealizou em mim uma mulher que n√£o existe? Gostaria de conselhos e opini√µes.",H√©tero namorando n√£o bin√°rio?,z38o3f
"Ol√° pessoal!

Reconhecendo a baixa ades√£o do p√∫blica LGBTQIA+ no /r/brasil viemos por meio deste t√≥pico solicitar sugest√µes de como criar uma comunidade mais receptiva para este p√∫blico.

Se tiverem qualquer pergunta nos disponibilizamos a respond√™-las!

Desde j√° agradecemos a aten√ß√£o e desejamos uma √≥tima semana a todes. 

_Conversamos previamente com a modera√ß√£o do sub e eles liberaram esta postagem_

Modera√ß√£o do Brasil",Sugest√µes para a modera√ß√£o do /r/brasil,vnlots
"oi, tudo bem?

eu vim fazer esse post pq eu n tenho ningu√©m pra conversar ou falar disso, afinal eu sou a unica pessoa trans q eu conhe√ßo

eu me identifiquei como um homem trans pelos ultimos 5 anos e mesmo me sentindo confort√°vel com esse r√≥tulo(pelo menos mais confort√°vel do que como uma muher cis) sempre pareceu que faltava algo 

eu gosto de coisas ""de menina"" tipo pintar a unha, maquiagem e agora eu tenho pensado em usar saia  e vestido(em um ambiente que ningu√©m fosse me tratar no feminino)mas eu sempre ignoro esses pensamentos e finjo q n gosto dessas coisas n sei exatamente pq

recentemente tudo isso ficou mais forte quando um grande idolo meu entrou em contato com a sua feminilidade mais usando um vestidinho num show essa semana(lindo queria usar) e eu comecei a nao conseguir parar de pensar nisso e entrei numa crise existencial, de identidade sei la

eu uso pronomes ele/dele ha um tmpo mas acho q gostaria de usar ele/delu(mesmo que por algum motivo em ingles fique melhor, he/they parece melhor mesmo q isso n fa√ßa sentido algum) e nao sei oq isso faz do meu genero

n sei mais meu genero kk

meus pensamentos de me machucar ou coisa pior tao mais fortes e eu to ficando com nojo de mim

se algm puder me ajudar eu agrade√ßo muito, seja conversando ou aconselhando pq eu realmente to mal e perdido",eu to completamente perdido sobre o meu genero,wz37sr
"Vi uns textos por aqui onde usaram 'x' ou '@' no lugar de vogais ('a' e 'o') para expressar uma linguagem de g√™nero neutro. Isto torna o texto muito dif√≠cil de ler, al√©m de ser impronunci√°vel. Por isso venho compartilhar o [Manifesto ile para uma comunica√ß√£o radicalmente inclusiva](https://diversitybbox.com/pt/manifesto-ile-para-uma-comunicacao-radicalmente-inclusiva/), onde √© recomendado o uso de 'e' como vogal para g√™nero neutro e 'ile' como pronome.",Manifesto ile para uma comunica√ß√£o radicalmente inclusiva,lvchbk
"O qu√£o indelicado √© achar uma pessoa gostose por suas caracter√≠sticas femininas? Isso √© uma barreira ou eu devo encarar com honestidade na hora de conhecer algu√©m e me interessar?

Aceito sugest√µes de leitura! sou novo no vale (Demi, ainda n√£o inteirado de todo o espectro ace mas definitivamente n√£o allo)",Conhecendo pessoas n√£o bin√°rias,yl2ka1
"Uns 4 ou 5 anos atr√°s eu criei esse sub como uma necessidade de me comunicar mais com pessoas como eu. Com o tempo eu perdi a capacidade de acompanhar de fato a modera√ß√£o e pensei v√°rias vezes em sair mas fiquei porque achei que ia virar um caos total sem pelo menos o pouquinho que eu tava conseguindo fazer. 

Uns 6 meses atr√°s eu fiz um post pedindo voluntaries para a modera√ß√£o para eu poder me aposentar. Finalmente achei uma turma legal para ser mod aqui e vejo que o sub est√° funcionando ok e eu posso finalmente falar tchau. 

Eu vou ficar por a√≠ de vez em quando, mas vou aposentar esse alt para evitar doxxing e etc. A gente s√™ v√™, beijinhos a todes.",Tchauzinho amores.,tk3p9r
,"Algu√©m conhece elxs? Tirei umas fotos na Parada LGBTQIA+ que teve em Floripa dia 11 e essas t√£o entre as minhas preferidas, ent√£o queria poder enviar pra elxs.",xib3r6
"A sigla foi se alterando ao longo dos anos para enquadrar mais grupos dentro da comunidade. Do GLS,  cresceu at√© LGBTQIA+. O pretexto sempre foi: ""a sigla atual n√£o abrange a todes. Vamos aumentar uma letra para incluir mais pessoas"".

O problema na minha vis√£o √© que a partir do momento em que a sigla termina com um ""+"", ela j√° parte de que n√£o conseguiremos incluir todo mundo. Vide que ainda existem grupos que n√£o est√£o na configura√ß√£o atual da sigla. Al√©m disso a sigla √© longa. No meu cotidiano eu me pego falando LGBT por ser mais r√°pido. N√£o √© dif√≠cil ver gente inclusive tirando sarro, chamando de LGBTABCDEFGH.

Aonde eu quero chegar? Na minha humilde opini√£o, eu penso que seria melhor referir-se a comunidade como Queer, ou alguma outra palavra que abranja todas as outras categorias que se op√µem a heterocisnormatividade. Talvez essa palavra n√£o represente absolutamente todo mundo? Talvez mas LGBTQIA+ tamb√©m n√£o abrange direito. S√≥ que Queer √© muito mais r√°pido kkkkk.

N√£o t√¥ tentando excluir ou unificar os diferentes grupos que existem dentro da nossa comunidade. S√≥ t√¥ levantando uma reflex√£o que eu tenho h√° tempos, mas n√£o consigo conversar sobre com os meus amigos gays sobre, pois eles n√£o poderiam ligar menos kkk.

O que voc√™s pensam sobre isso? Eu estou cagando pela boca? 

tl;dr: N√£o √© mais f√°cil falar Queer em vez de LGBTQIA+?",Voc√™s concordam que a sigla LGBTQIA+ n√£o √© muito pr√°tica?,rxk26y
" >!Eu n√£o sei... Me sinto desconfort√°vel com meu sexo biol√≥gico, e fico me perguntando como tira isso de mim... Fico pensando, eu sou uma mulher ainda com isso me assombrando? Por que at√© hoje ningu√©m se manisfestou em tirar isso Por que n√£o saiu nenhum artigo falando sobre isso? Sou uma mulher ainda? Isso me define como mulher? O que eu sou? Uma anomalia? Uma mulher com sexo biol√≥gico masculino de merda? O que os cientistas/bi√≥logos pensam disso? Pensam que eu sou homem e bl√° bl√° por que tenho um esgoto, um lixo podre dentro de mim? Ou pensam que eu sou mulher sim e mostram v√°rias explica√ß√µes e fatos dizendo que sou mulher sim? s√£o apenas dem√¥nios, assim como disforia, um dem√¥nio maior. Assim como transfobia. ""Voc√™ n√£o √© mulher, voc√™ n√£o tem √∫tero!!!"" Cada vez que escuto isso, eu tento pegar uma faca e tirar isso de mim dente por dente. N√£o sei se vou aguentar por muito tempo isso, antes de ontem planejei em me matar se entupindo de rem√©dios. Eu acompanho o Yago Stephano, ele √© um √≥timo bi√≥logo animal etc. Vi pessoas fazendo duetos dele sobre lgbt e tals... N√£o entendi muito bem, mas tem um que tem tema ""sens√≠vel"" na minha vis√£o e percep√ß√£o pelo menos, sobre xx, xy, gravidez e n√£o sei o que, tinha at√© o √Åtila ali. Eu amo o conte√∫do dele, mas o que ele pensa de pessoas trans? Talvez seja paran√≥ia minha... Mesmo eu tendo meu sexo biol√≥gico masculino, eu n√£o deixo de ser mulher e muito menos sou menos mulher por isso. Eu sou mulher sim, meu sexo biol√≥gico n√£o anula quem √© a mulher que eu sou. Eu tenho orgulho de ser a mulher que eu sou hoje, sou guerreira, sou forte e lutadora...olha o que eu passo todo dia, olhe meu sofrimento... J√° desisti v√°rias vezes; por√©m, eu porque Deus n√£o me ajuda? Eu aceitei ele faz tempo, tenho minha f√©... Mas ele nunca faz nada, ele n√£o est√° bem a√≠ sabe? Ele n√£o existe, n√£o existe. Nunca me ajudou com nada. A Transfobia e Machismo que sofro me faz uma pessoa muito triste, sem amigos e at√© mesmo sem olhar na cara de pessoas, sentindo medo olhando pra todas elas, s√≥ olho pro ch√£o. Me chamando de Traveco, Homem, macho, vadia, puta de merda, Femboy, Trap, me chamando de puta, mulherzinha de merda, mulherzinha fresca... Eu sinceramente n√£o concordo em falar que o mundo est√° evoluindo, porque ele est√° evoluindo ao contr√°rio. Pessoas ofendendo e xingando outras pessoas e usa do o argumento de que sou militante lacrador que √© apenas uma opini√£o... Eles n√£o passam o que eu passo na pele, √© l√≥gico que falam assim de mim e de outras pessoas como eu. Minha ansiedade social me deixou t√£o insegura que n√£o consigo olhar pra cara de absolutamente ningu√©m na rua, s√≥ olhando pro ch√£o e mais nada. Isso que eu t√¥ a 7, 8 anos sem sair de casa por conta disso, tento que eu nem sei fazer contas de moeda, ou no cart√£o e at√© mesmo ir no shopping, parque, padaria etc, s√≥ saio de casa pra ir na escola ou em ir em algum lugar obrigat√≥rio, eu tenho literalmente uma FOBIA de pessoas. As coisas que eu sinto ultimamente s√£o essas: Ansiedade, Apatia, Culpa, Descontentamento Geral, Desesperan√ßa, Mudan√ßas de humor, Solid√£o, Tristeza, T√©dio, Sonol√™ncia, Repeti√ß√£o Incessante de pensamentos, Falta de concentra√ß√£o, Lentid√£o, Ansiedade social, Depress√£o, TDA, Agonia, Dor, Atraso, Desorganiza√ß√£o, Transfobia, Machismo, Exclus√£o de amizades. Ser√° que eles tem raz√£o me chamando de homem por eu ter de fato um sexo masculino biol√≥gico e n√£o puder remover isso por que simplesmente seria imposs√≠vel retirar? Ser√° que eu sou mulher, mesmo que eu tenha sexo biol√≥gico masculino e √≥rg√£o genital masculino? Eu sei que sou mulher, mas tenho d√∫vidas se isso me define mulher ou homem... Eu quero tirar a for√ßa isso de mim, pois eu n√£o aguento mais, isso foi um desastre que Deus e a natureza colocou em mim, eu quero ser uma mulher (eu sei que sou) sem essas coisas dentro de mim. Queria que os bi√≥logos descobrissem uma forma de provar e afirmar que d√° pra tirar isso. Eu t√¥ em uma situa√ß√£o destrutiva dentro de mim mesma, olha os desabafos... Eu duvido que algum bi√≥logo diria realmente que sou mulher s√≥ por eu ter cromossomo xy, genit√°lia masculina... Duvido muito, por que iria me abalar mais se ele/ela/elu dissesse que n√£o sou mesmo me aceitando, entendendo, sentindo e afirmando que sou. !<","Gatilho extremo do extremo e pesado. Assuntos envolvidos: Tr***fob** depre**** suici***multila*** biologia, disf**** AVISO: Antes de olhar meu desabafo, isso √© um assunto delicado, desconfort√°vel pra muitas pessoas. ent√£o se voc√™ tem gatilho com isso, n√£o veja meu desabafo e ignore, √© bem pesado.",wnhbw9
"criei essa enquete pra unirmos nossos √∫ltimos neur√¥nios e resqu√≠cios de sanidade pra saber o seguinte: voc√™ sabe em quem vai votar em 2022 (considerando todos os cinco cargos em disputa) e, se sim, els candidaties t√™m como planos o bem-estar de minorias sociais, como a nossa comunidade?

caso queira, aproveita pra compartilhar candidaties que visam atender nossas necessidades, al√©m de v√≠deos, artigos, mat√©rias, etc., sobre o assunto, por favor! :)

[View Poll](https://www.reddit.com/poll/vtpnb2)",CONSCI√äNCIA POL√çTICA: EM QUEM VOC√ä VOTAR√Å EM 2022?,vtpnb2
"Bom dia querides!

Eu tenho um sonho desde menina quando me descobrir de administrar um bar lgbt, um lugar onde todes possam se sentir bem. Sei la um lugar q a galera pode ir e ficar de boa e tal. Sei que no passado nossa comunidade sobreviveu nesses lugares, mas hj n sei se eles ainda conseguem se manter, financeiramente, com essa tem√°tica. 

Quais s√£o suas opini√µes? Quero ouvir a todes!

Obrigada.",Ainda √© rent√°vel ter um bar/restaurante/gastropub LGBTQIA+?,te7vdp
"Oioi, bom dia a todos, todas e todes üíó
Ent√£o, eu nunca me ""assumi"" com sexualidade nenhuma (mesmo me indentificando como pan), meu primeiro namoro foi na escola com uma garota (que inclusive foi babaca comigo e me trouxe altos traumasKKKK), e n√£o cheguei a namorar mas j√° fiquei com meninos tamb√©m.
Esqueci dizer que sou uma garota cis tamb√©m üëç
Esses dias minha amiga disse ""eu n√£o consigo te imaginar namorando uma menina, desculpa"", fiquei bem tristeKKK, mas eu realmente n√£o fico com absolutamente ningu√©m, eu deveria me ofender com o que ela disse?",Minha amiga duvida da minha sexualidade (?,tbrhhi
"Ol√° a todes!  

Moro em Portugal e meu m√©dico de fam√≠lia tomou diversas atitudes na √∫ltima consulta e que s√£o caracterizadas como ass√©dio moral (entre elas xingamento, gritos e at√© tirou a m√°scara durante um grito). Entrei com den√∫ncia no centro de sa√∫de, pedi mudan√ßa de m√©dico (foi atendida) e levei o caso √† Ordem dos M√©dicos. 

Agora, tal Ordem me pede provas testemunhais, que eu n√£o tenho, porque a enfermeira diz n√£o ter ouvido nada (ela estava na sala ao lado, claro que ouviu, mas n√£o quer falar... enfim). Numa outra ocasi√£o, rolou ass√©dio sexual tamb√©m, por√©m o FDP falou t√£o baixo que s√≥ eu e ele sabemos o que foi dito, e obviamente n√£o tenho como comprovar isso tamb√©m.

**Estou buscando artigos acad√™micos que abordem n√£o s√≥ o conceito, como outras situa√ß√µes em que ass√©dio moral √© dif√≠cil de comprovar.** Minha ideia √© pedir para que a Ordem entenda que tal den√∫ncia nem sempre tem testemunhas e, portanto, **avaliar o caso por outras  vias.** Algu√©m sugere algo?? Encontro muito material sobre ass√©dio em ambiente de trabalho, principalmente entre funcion√°rios da sa√∫de, mas nada sobre as v√≠timas e seus processos (inclusive jur√≠dicos, se for o caso).",Ass√©dio moral em Portugal,mqpk0k
"Boa tarde a todes, a modera√ß√£o recentemente me permitiu que eu divulgasse aqui um sub novo que eu fiz para falar do tema ‚Äúsexualidade‚Äù.

Mesmo j√° existindo o r/arco_iris para falar desse tema, com certeza tamb√©m √© bom ter variedade para falar do assunto que √© um tanto quando amplo.

Divulgo aqui o r/transa, porque o... aquele outro nome j√° estava em uso. O sub n√£o √© para conte√∫do expl√≠cito nem conversas sobre o ato de transar no geral, e sim para tudo que possa envolver sexualidade e identidade de g√™nero.

Quem estiver disposto a popular o novo sub & se juntar √† modera√ß√£o, por favor me chamem no chat ou DM.

Agrade√ßo muito a todos que puderem se juntar nessa ideia de fazer um sub amig√°vel para todos aqueles que buscam por descobertas que n√£o cabem em um sub s√≥! üè≥Ô∏è‚Äçüåà",Criei o r/transa para falar de sexualidade em geral,msu94l
"infelizmente no nosso meio, as pessoas usam m√°scaras e nunca se mostram totalmente

conhe√ßo gays que n√£o s√£o confi√°veis, n√£o querem relacionamento nenhum e mesmo assim insistem na pose como que tentando se mostrar alguem melhor do que realmente √©, sendo que no fundo s√≥ querem sexo e manipular o parceiro 

existe alguma estrat√©gia que voc√™s desenvolveram para filtrar esse tipo de gente?

desde j√° agrade√ßo a participa√ß√£o de todes","gays, com o vcs reconhecem uma pessoa com potencial para algo s√©rio",ktnbpq
